study_ID,donor_ID,ReportableCommentsTxt,IMGT_version_A,IMGT_version_B,IMGT_version_C,IMGT_version_DRB345,IMGT_version_DRB1,IMGT_version_DPB1,IMGT_version_DPA1,IMGT_version_DQA1,IMGT_version_DQB1,genotypes_A,genotypes_B,genotypes_C,genotypes_DRB345,genotypes_DRB1,genotypes_DPB1,genotypes_DPA1,genotypes_DQA1,genotypes_DQB1
170152,NA,,3.17.0,3.17.0,3.17.0,3.17.0,3.17.0,NA,NA,3.17.0,3.17.0,A*02:01/A*02:01L/A*02:01Q/A*02:04/A*02:07/A*02:09/A*02:15N/A*02:17/A*02:18/A*02:20/A*02:24/A*02:25/A*02:29/A*02:30/A*02:31/A*02:32N/A*02:33/A*02:42/A*02:43N/A*02:49/A*02:53N/A*02:59/A*02:60/A*02:64/A*02:66/A*02:67/A*02:68/A*02:70/A*02:71/A*02:73/A*02:74/A*02:75/A*02:76/A*02:77/A*02:82N/A*02:83N/A*02:85/A*02:86/A*02:88N/A*02:89/A*02:92/A*02:93/A*02:94N/A*02:95/A*02:96/A*02:97/A*02:101/A*02:105/A*02:107/A*02:109/A*02:110/A*02:111/A*02:113N/A*02:114/A*02:116/A*02:118/A*02:119/A*02:120/A*02:121/A*02:123/A*02:125N/A*02:132/A*02:133/A*02:134/A*02:138/A*02:139/A*02:140/A*02:141/A*02:145/A*02:147/A*02:149/A*02:150/A*02:151/A*02:153/A*02:157/A*02:158/A*02:159/A*02:160/A*02:161/A*02:162/A*02:163/A*02:164/A*02:165/A*02:166/A*02:167/A*02:168/A*02:173/A*02:174/A*02:175/A*02:176/A*02:177/A*02:181/A*02:182/A*02:183/A*02:184/A*02:187/A*02:188/A*02:189/A*02:190/A*02:192/A*02:193/A*02:194/A*02:196/A*02:197/A*02:198/A*02:199/A*02:200/A*02:201/A*02:202/A*02:203/A*02:204/A*02:205/A*02:206/A*02:207/A*02:208/A*02:210/A*02:211/A*02:212/A*02:213/A*02:214/A*02:215/A*02:216/A*02:217/A*02:218/A*02:219/A*02:220/A*02:221/A*02:222N/A*02:223N/A*02:224/A*02:225N/A*02:226N/A*02:227N/A*02:228/A*02:231/A*02:233/A*02:234/A*02:235/A*02:236/A*02:238/A*02:239/A*02:240/A*02:241/A*02:242/A*02:245/A*02:246/A*02:249/A*02:250N/A*02:251/A*02:252/A*02:254/A*02:256/A*02:257/A*02:260/A*02:261/A*02:262/A*02:263/A*02:265/A*02:266/A*02:268/A*02:269/A*02:270/A*02:272/A*02:273/A*02:274/A*02:275/A*02:276/A*02:277/A*02:279/A*02:282/A*02:283/A*02:284N/A*02:285/A*02:287/A*02:288/A*02:289/A*02:291/A*02:292/A*02:293Q/A*02:294/A*02:296/A*02:299/A*02:301N/A*02:302/A*02:303/A*02:305N/A*02:306/A*02:307/A*02:311/A*02:312/A*02:313/A*02:314N/A*02:316/A*02:317/A*02:318/A*02:319/A*02:321N/A*02:322/A*02:325/A*02:326/A*02:327/A*02:329/A*02:332/A*02:335/A*02:336/A*02:339/A*02:340/A*02:341/A*02:342/A*02:343/A*02:347/A*02:348/A*02:349/A*02:350N/A*02:351/A*02:352/A*02:353/A*02:354/A*02:356N/A*02:357/A*02:360/A*02:361/A*02:362/A*02:363/A*02:364/A*02:365/A*02:366N/A*02:367/A*02:368/A*02:369/A*02:371/A*02:372/A*02:374/A*02:375/A*02:377/A*02:378/A*02:379/A*02:380/A*02:381/A*02:383/A*02:384/A*02:385/A*02:386/A*02:388/A*02:389/A*02:390/A*02:391/A*02:392/A*02:393/A*02:394/A*02:395N/A*02:396/A*02:397/A*02:399/A*02:400/A*02:401/A*02:403/A*02:406/A*02:407/A*02:410/A*02:411/A*02:414/A*02:416/A*02:418/A*02:422/A*02:423/A*02:424/A*02:425/A*02:426/A*02:429/A*02:430/A*02:432/A*02:434/A*02:435/A*02:437/A*02:439N/A*02:440Q/A*02:441/A*02:442/A*02:443/A*02:444/A*02:445/A*02:446/A*02:448/A*02:449/A*02:450/A*02:451/A*02:452/A*02:455/A*02:456/A*02:458/A*02:459/A*02:460/A*02:461/A*02:462/A*02:464/A*02:467/A*02:468N/A*02:469/A*02:477/A*02:478/A*02:479/A*02:481/A*02:482/A*02:483/A*02:485/A*02:486/A*02:488/A*02:491/A*02:497/A*02:498/A*02:499/A*02:500Q/A*02:501N/A*02:502/A*02:504/A*02:508/A*02:509/A*02:510/A*02:511/A*02:512/A*02:513/A*02:515/A*02:516N/A*02:518/A*02:519/A*02:520/A*02:521/A*02:522/A*02:523/A*02:524/A*02:525N/A*02:526/A*02:528/A*02:530/A*02:533/A*02:534/A*02:535/A*02:536/A*02:537/A*02:538/A*02:01/A*02:01L/A*02:01Q/A*02:04/A*02:07/A*02:09/A*02:15N/A*02:17/A*02:18/A*02:20/A*02:24/A*02:25/A*02:29/A*02:30/A*02:31/A*02:32N/A*02:33/A*02:42/A*02:43N/A*02:49/A*02:53N/A*02:59/A*02:60/A*02:64/A*02:66/A*02:67/A*02:68/A*02:70/A*02:71/A*02:73/A*02:74/A*02:75/A*02:76/A*02:77/A*02:82N/A*02:83N/A*02:85/A*02:86/A*02:88N/A*02:89/A*02:92/A*02:93/A*02:94N/A*02:95/A*02:96/A*02:97/A*02:101/A*02:105/A*02:107/A*02:109/A*02:110/A*02:111/A*02:113N/A*02:114/A*02:116/A*02:118/A*02:119/A*02:120/A*02:121/A*02:123/A*02:125N/A*02:132/A*02:133/A*02:134/A*02:138/A*02:139/A*02:140/A*02:141/A*02:145/A*02:147/A*02:149/A*02:150/A*02:151/A*02:153/A*02:157/A*02:158/A*02:159/A*02:160/A*02:161/A*02:162/A*02:163/A*02:164/A*02:165/A*02:166/A*02:167/A*02:168/A*02:173/A*02:174/A*02:175/A*02:176/A*02:177/A*02:181/A*02:182/A*02:183/A*02:184/A*02:187/A*02:188/A*02:189/A*02:190/A*02:192/A*02:193/A*02:194/A*02:196/A*02:197/A*02:198/A*02:199/A*02:200/A*02:201/A*02:202/A*02:203/A*02:204/A*02:205/A*02:206/A*02:207/A*02:208/A*02:210/A*02:211/A*02:212/A*02:213/A*02:214/A*02:215/A*02:216/A*02:217/A*02:218/A*02:219/A*02:220/A*02:221/A*02:222N/A*02:223N/A*02:224/A*02:225N/A*02:226N/A*02:227N/A*02:228/A*02:231/A*02:233/A*02:234/A*02:235/A*02:236/A*02:238/A*02:239/A*02:240/A*02:241/A*02:242/A*02:245/A*02:246/A*02:249/A*02:250N/A*02:251/A*02:252/A*02:254/A*02:256/A*02:257/A*02:260/A*02:261/A*02:262/A*02:263/A*02:265/A*02:266/A*02:268/A*02:269/A*02:270/A*02:272/A*02:273/A*02:274/A*02:275/A*02:276/A*02:277/A*02:279/A*02:282/A*02:283/A*02:284N/A*02:285/A*02:287/A*02:288/A*02:289/A*02:291/A*02:292/A*02:293Q/A*02:294/A*02:296/A*02:299/A*02:301N/A*02:302/A*02:303/A*02:305N/A*02:306/A*02:307/A*02:311/A*02:312/A*02:313/A*02:314N/A*02:316/A*02:317/A*02:318/A*02:319/A*02:321N/A*02:322/A*02:325/A*02:326/A*02:327/A*02:329/A*02:332/A*02:335/A*02:336/A*02:339/A*02:340/A*02:341/A*02:342/A*02:343/A*02:347/A*02:348/A*02:349/A*02:350N/A*02:351/A*02:352/A*02:353/A*02:354/A*02:356N/A*02:357/A*02:360/A*02:361/A*02:362/A*02:363/A*02:364/A*02:365/A*02:366N/A*02:367/A*02:368/A*02:369/A*02:371/A*02:372/A*02:374/A*02:375/A*02:377/A*02:378/A*02:379/A*02:380/A*02:381/A*02:383/A*02:384/A*02:385/A*02:386/A*02:388/A*02:389/A*02:390/A*02:391/A*02:392/A*02:393/A*02:394/A*02:395N/A*02:396/A*02:397/A*02:399/A*02:400/A*02:401/A*02:403/A*02:406/A*02:407/A*02:410/A*02:411/A*02:414/A*02:416/A*02:418/A*02:422/A*02:423/A*02:424/A*02:425/A*02:426/A*02:429/A*02:430/A*02:432/A*02:434/A*02:435/A*02:437/A*02:439N/A*02:440Q/A*02:441/A*02:442/A*02:443/A*02:444/A*02:445/A*02:446/A*02:448/A*02:449/A*02:450/A*02:451/A*02:452/A*02:455/A*02:456/A*02:458/A*02:459/A*02:460/A*02:461/A*02:462/A*02:464/A*02:467/A*02:468N/A*02:469/A*02:477/A*02:478/A*02:479/A*02:481/A*02:482/A*02:483/A*02:485/A*02:486/A*02:488/A*02:491/A*02:497/A*02:498/A*02:499/A*02:500Q/A*02:501N/A*02:502/A*02:504/A*02:508/A*02:509/A*02:510/A*02:511/A*02:512/A*02:513/A*02:515/A*02:516N/A*02:518/A*02:519/A*02:520/A*02:521/A*02:522/A*02:523/A*02:524/A*02:525N/A*02:526/A*02:528/A*02:530/A*02:533/A*02:534/A*02:535/A*02:536/A*02:537/A*02:538,B*35:01/B*35:07/B*35:30/B*35:40N/B*35:41/B*35:42/B*35:50/B*35:53N/B*35:57/B*35:64/B*35:71/B*35:77/B*35:91/B*35:94/B*35:101/B*35:104/B*35:108/B*35:110/B*35:115/B*35:116/B*35:119/B*35:120/B*35:121/B*35:122/B*35:123/B*35:130N/B*35:131/B*35:132/B*35:133/B*35:134N/B*35:137/B*35:138/B*35:139/B*35:140/B*35:143/B*35:144/B*35:145N/B*35:147/B*35:161/B*35:165N/B*35:168/B*35:170/B*35:171/B*35:173N/B*35:175/B*35:177/B*35:178/B*35:180/B*35:189/B*35:194/B*35:209/B*35:214/B*35:216N/B*35:227/B*35:228/B*35:240/B*35:241/B*35:244/B*35:245/B*35:247/B*35:250/B*35:252/B*35:260+B*44:03/B*44:05/B*44:14/B*44:17/B*44:42/B*44:43/B*44:45/B*44:51/B*44:70/B*44:78/B*44:88/B*44:133/B*44:136/B*44:139/B*44:140/B*44:144/B*44:162,C*02:02/C*02:08/C*02:09/C*02:10/C*02:11/C*02:12/C*02:15/C*02:20/C*02:21/C*02:24/C*02:25Q/C*02:29/C*02:32/C*02:33/C*02:34/C*02:35/C*02:39/C*02:40/C*02:42/C*02:43/C*02:44/C*02:45/C*02:48/C*02:50/C*02:52N/C*02:53/C*02:54/C*02:55/C*02:56/C*02:59/C*02:61/C*02:63/C*02:66/C*02:67Q/C*02:69/C*02:70/C*02:71/C*02:73/C*02:75/C*02:76/C*02:78/C*02:79/C*02:82/C*02:83/C*02:84/C*02:85/C*02:86+C*04:01/C*04:05/C*04:09N/C*04:10/C*04:12/C*04:18/C*04:19/C*04:20/C*04:24/C*04:25/C*04:28/C*04:30/C*04:31/C*04:32/C*04:33/C*04:35/C*04:38/C*04:40/C*04:41/C*04:43/C*04:44/C*04:45/C*04:46/C*04:47/C*04:49/C*04:50/C*04:51/C*04:52/C*04:53/C*04:56/C*04:57/C*04:62/C*04:63/C*04:64/C*04:65/C*04:66/C*04:67/C*04:69/C*04:73/C*04:75/C*04:76/C*04:77/C*04:78/C*04:79/C*04:81/C*04:82/C*04:83/C*04:84/C*04:86/C*04:88N/C*04:91/C*04:92/C*04:94/C*04:95N/C*04:97/C*04:98/C*04:99/C*04:102/C*04:104/C*04:105N/C*04:106/C*04:109/C*04:116/C*04:117/C*04:118/C*04:119/C*04:124/C*04:126/C*04:128/C*04:130/C*04:132/C*04:133/C*04:134/C*04:136/C*04:137/C*04:138/C*04:139/C*04:140/C*04:141/C*04:142/C*04:144/C*04:146/C*04:148/C*04:149/C*04:150/C*04:151/C*04:152/C*04:156/C*04:158/C*04:161/C*04:162/C*04:163/C*04:164/C*04:165/C*04:166/C*04:167/C*04:168/C*04:170N/C*04:173N/C*04:175/C*04:176,DRB3*02:02/DRB3*02:28/DRB3*02:29N+DRB5*02:02/DRB5*02:06,DRB1*11:01/DRB1*11:04/DRB1*11:12/DRB1*11:15/DRB1*11:24/DRB1*11:27/DRB1*11:28/DRB1*11:29/DRB1*11:39/DRB1*11:43/DRB1*11:44/DRB1*11:46/DRB1*11:49/DRB1*11:58/DRB1*11:61/DRB1*11:62/DRB1*11:66/DRB1*11:72/DRB1*11:77/DRB1*11:78/DRB1*11:81/DRB1*11:84/DRB1*11:90/DRB1*11:92/DRB1*11:97/DRB1*11:99/DRB1*11:100/DRB1*11:101/DRB1*11:106/DRB1*11:108/DRB1*11:111/DRB1*11:112/DRB1*11:114/DRB1*11:117/DRB1*11:121/DRB1*11:126/DRB1*11:133/DRB1*11:137/DRB1*11:140/DRB1*11:141/DRB1*11:147/DRB1*11:152/DRB1*11:154/DRB1*11:155/DRB1*11:157/DRB1*11:158/DRB1*11:160/DRB1*11:162/DRB1*11:163/DRB1*11:165/DRB1*11:166+DRB1*16:01/DRB1*16:13N/DRB1*16:15,NA,NA,DQA1*01:02/DQA1*01:08/DQA1*01:09/DQA1*01:11+DQA1*05:05/DQA1*05:09/DQA1*05:11,DQB1*03:01/DQB1*03:27/DQB1*03:28/DQB1*03:29/DQB1*03:35/DQB1*03:42/DQB1*03:44/DQB1*03:47/DQB1*03:49/DQB1*03:50/DQB1*03:51/DQB1*03:73/DQB1*03:83/DQB1*03:84N/DQB1*03:92/DQB1*03:93/DQB1*03:94/DQB1*03:114/DQB1*03:115/DQB1*03:116+DQB1*05:02/DQB1*05:17/DQB1*05:19/DQB1*05:34/DQB1*05:36/DQB1*05:37/DQB1*05:46/DQB1*05:47/DQB1*05:57
5742794,NA,"DR*CFXN:=:02/27/28+DQA*PP:=:05/09/10/11
DQ*JWKW:=:01/27/28/29/35/36
DQ*JWKV:=:01/24/27/28/29/35/36+B*PZRC:=:07:02/07:07/07:10/07:21/07:22/07:23/07:30/07:31/07:35/07:39/07:41/07:44/07:45/07:46/07:49N/07:52/07:57/07:58/07:59/07:61/07:62/07:67N/07:68/07:70/07:71/07:73/07:74/07:75/07:76/07:79/07:82/07:83/07:87/07:88/07:89/07:92/07:93/07:94/07:98/07:99/07:101/07:102/07:103/07:104/07:106/07:108/07:109/07:111N/07:113/07:114/07:117/07:119/07:120/07:121/07:126/07:127/07:128/07:129/07:130/07:132/07:136/07:141/07:142/07:143/07:144
B*PZTW:=:39:01/39:01L/39:03/39:19/39:25N/39:27/39:31/39:41/39:44/39:45/39:46/39:47/39:51/39:54/39:59/39:61/39:65/39:66/39:67/39:68+C*XX1:=:07:02/07:13/07:29/07:32N/07:38/07:42/07:46/07:47/07:48/07:50/07:51/07:54/07:56/07:61N/07:62/07:66/07:67/07:72/07:74/07:75/07:80/07:84/07:87/07:88/07:90/07:97/07:99/07:100/07:105/07:107/07:117/07:121Q/07:123/07:125/07:126/07:130/07:135/07:143/07:144/07:145/07:146/07:147/07:149/07:152N/07:154/07:155/07:158/07:159/07:160/07:167/07:168/07:169/07:172/07:174/07:175/07:178/07:183/07:185/07:187/07:192/07:193/07:195/07:198N/07:202/07:208/07:209/07:211/07:213/07:217/07:218/07:220
C*XX2:=:12:03/12:06/12:07/12:12/12:13/12:23/12:25/12:26/12:28/12:29/12:32/12:34/12:35/12:37/12:39N/12:42Q/12:43/12:45/12:46N/12:47/12:50/12:52/12:53/12:57/12:59/12:62/12:63/12:65/12:66+A*XX1:=:24:02/24:02Q/24:03/24:06/24:07/24:09N/24:11N/24:15/24:20/24:21/24:25/24:26/24:33/24:35/24:36N/24:37/24:38/24:40N/24:45N/24:47/24:48N/24:49/24:51/24:53/24:57/24:58/24:59/24:63/24:64/24:68/24:69/24:70/24:72/24:74/24:76/24:78/24:79/24:80/24:81/24:83N/24:85/24:86N/24:93/24:95/24:98/24:99/24:101/24:102/24:105/24:110/24:111/24:112/24:114/24:116/24:117/24:118/24:120/24:122/24:123/24:125/24:126/24:127/24:128/24:132N/24:135/24:136/24:137/24:140/24:141/24:142/24:143/24:144/24:147/24:149/24:150/24:151/24:152/24:153/24:154/24:155N/24:157/24:158N/24:161/24:162/24:163N/24:165/24:166/24:169/24:170/24:171/24:175/24:177/24:178/24:179/24:180/24:181/24:183N/24:185N/24:186/24:187/24:189/24:190
A*PXYH:=:68:01/68:03/68:07/68:09/68:11N/68:16/68:17/68:21/68:23/68:32/68:33/68:38/68:41/68:47/68:52/68:65/68:69/68:70/68:76/68:83+A*XX1:=:02:01/02:01L/02:01Q/02:07/02:09/02:15N/02:18/02:20/02:24/02:29/02:30/02:31/02:33/02:42/02:43N/02:53N/02:59/02:66/02:67/02:74/02:75/02:83N/02:89/02:93/02:94N/02:95/02:96/02:97/02:107/02:109/02:111/02:119/02:121/02:123/02:132/02:133/02:134/02:138/02:139/02:140/02:141/02:150/02:159/02:160/02:161/02:162/02:164/02:165/02:166/02:168/02:173/02:175/02:176/02:177/02:181/02:187/02:189/02:192/02:196/02:197/02:199/02:200/02:201/02:203/02:204/02:205/02:206/02:207/02:208/02:211/02:214/02:215/02:216/02:218/02:219/02:220/02:221/02:222N/02:225N/02:227N/02:231/02:233/02:235/02:236/02:238/02:240/02:241/02:242/02:250N/02:251/02:252/02:256/02:257/02:265/02:266/02:269/02:272/02:273/02:274/02:275/02:282/02:283/02:284N/02:285/02:287/02:288/02:291/02:292/02:294/02:296/02:302/02:305N/02:306/02:307/02:312/02:313/02:317/02:318/02:321N/02:322/02:325/02:326/02:327/02:329/02:332/02:335
A*EDAP:=:08/67+DR*RBNS:=:01/06/12/15/19/24/27/28/29/39/47/49/61/62/66/75/81/90/97/99/100/101/106/108/109/112/114/117
DR*RBPF:=:01/02/06/08/10/11/13/17/22/23/25/28/29/30/32/34+",3.7.0,3.7.0,3.7.0,3.7.0,3.7.0,3.27.0,3.27.0,3.7.0,3.7.0,A*02:01/A*02:01L/A*02:01Q/A*02:07/A*02:09/A*02:15N/A*02:18/A*02:20/A*02:24/A*02:29/A*02:30/A*02:31/A*02:33/A*02:42/A*02:43N/A*02:53N/A*02:59/A*02:66/A*02:67/A*02:74/A*02:75/A*02:83N/A*02:89/A*02:93/A*02:94N/A*02:95/A*02:96/A*02:97/A*02:107/A*02:109/A*02:111/A*02:119/A*02:121/A*02:123/A*02:132/A*02:133/A*02:134/A*02:138/A*02:139/A*02:140/A*02:141/A*02:150/A*02:159/A*02:160/A*02:161/A*02:162/A*02:164/A*02:165/A*02:166/A*02:168/A*02:173/A*02:175/A*02:176/A*02:177/A*02:181/A*02:187/A*02:189/A*02:192/A*02:196/A*02:197/A*02:199/A*02:200/A*02:201/A*02:203/A*02:204/A*02:205/A*02:206/A*02:207/A*02:208/A*02:211/A*02:214/A*02:215/A*02:216/A*02:218/A*02:219/A*02:220/A*02:221/A*02:222N/A*02:225N/A*02:227N/A*02:231/A*02:233/A*02:235/A*02:236/A*02:238/A*02:240/A*02:241/A*02:242/A*02:250N/A*02:251/A*02:252/A*02:256/A*02:257/A*02:265/A*02:266/A*02:269/A*02:272/A*02:273/A*02:274/A*02:275/A*02:282/A*02:283/A*02:284N/A*02:285/A*02:287/A*02:288/A*02:291/A*02:292/A*02:294/A*02:296/A*02:302/A*02:305N/A*02:306/A*02:307/A*02:312/A*02:313/A*02:317/A*02:318/A*02:321N/A*02:322/A*02:325/A*02:326/A*02:327/A*02:329/A*02:332/A*02:335+A*26:08/A*26:67,B*07:02/B*07:07/B*07:10/B*07:21/B*07:22/B*07:23/B*07:30/B*07:31/B*07:35/B*07:39/B*07:41/B*07:44/B*07:45/B*07:46/B*07:49N/B*07:52/B*07:57/B*07:58/B*07:59/B*07:61/B*07:62/B*07:67N/B*07:68/B*07:70/B*07:71/B*07:73/B*07:74/B*07:75/B*07:76/B*07:79/B*07:82/B*07:83/B*07:87/B*07:88/B*07:89/B*07:92/B*07:93/B*07:94/B*07:98/B*07:99/B*07:101/B*07:102/B*07:103/B*07:104/B*07:106/B*07:108/B*07:109/B*07:111N/B*07:113/B*07:114/B*07:117/B*07:119/B*07:120/B*07:121/B*07:126/B*07:127/B*07:128/B*07:129/B*07:130/B*07:132/B*07:136/B*07:141/B*07:142/B*07:143/B*07:144+B*39:01/B*39:01L/B*39:03/B*39:19/B*39:25N/B*39:27/B*39:31/B*39:41/B*39:44/B*39:45/B*39:46/B*39:47/B*39:51/B*39:54/B*39:59/B*39:61/B*39:65/B*39:66/B*39:67/B*39:68,C*07:02/C*07:13/C*07:29/C*07:32N/C*07:38/C*07:42/C*07:46/C*07:47/C*07:48/C*07:50/C*07:51/C*07:54/C*07:56/C*07:61N/C*07:62/C*07:66/C*07:67/C*07:72/C*07:74/C*07:75/C*07:80/C*07:84/C*07:87/C*07:88/C*07:90/C*07:97/C*07:99/C*07:100/C*07:105/C*07:107/C*07:117/C*07:121Q/C*07:123/C*07:125/C*07:126/C*07:130/C*07:135/C*07:143/C*07:144/C*07:145/C*07:146/C*07:147/C*07:149/C*07:152N/C*07:154/C*07:155/C*07:158/C*07:159/C*07:160/C*07:167/C*07:168/C*07:169/C*07:172/C*07:174/C*07:175/C*07:178/C*07:183/C*07:185/C*07:187/C*07:192/C*07:193/C*07:195/C*07:198N/C*07:202/C*07:208/C*07:209/C*07:211/C*07:213/C*07:217/C*07:218/C*07:220+C*12:03/C*12:06/C*12:07/C*12:12/C*12:13/C*12:23/C*12:25/C*12:26/C*12:28/C*12:29/C*12:32/C*12:34/C*12:35/C*12:37/C*12:39N/C*12:42Q/C*12:43/C*12:45/C*12:46N/C*12:47/C*12:50/C*12:52/C*12:53/C*12:57/C*12:59/C*12:62/C*12:63/C*12:65/C*12:66,DRB3*02:02/DRB3*02:27/DRB3*02:28/DRB3*02:02/DRB3*02:27/DRB3*02:28,DRB1*11:01/DRB1*11:06/DRB1*11:12/DRB1*11:15/DRB1*11:19/DRB1*11:24/DRB1*11:27/DRB1*11:28/DRB1*11:29/DRB1*11:39/DRB1*11:47/DRB1*11:49/DRB1*11:61/DRB1*11:62/DRB1*11:66/DRB1*11:75/DRB1*11:81/DRB1*11:90/DRB1*11:97/DRB1*11:99/DRB1*11:100/DRB1*11:101/DRB1*11:106/DRB1*11:108/DRB1*11:109/DRB1*11:112/DRB1*11:114/DRB1*11:117+DRB1*12:01/DRB1*12:02/DRB1*12:06/DRB1*12:08/DRB1*12:10/DRB1*12:11/DRB1*12:13/DRB1*12:17/DRB1*12:22/DRB1*12:23/DRB1*12:25/DRB1*12:28/DRB1*12:29/DRB1*12:30/DRB1*12:32/DRB1*12:34,DPB1*02:01/DPB1*106:01/DPB1*535:01/DPB1*617:01+DPB1*19:01/DPB1*352:01/DPB1*414:01/DPB1*461:01/DPB1*533:01,DPA1*02:02/DPA1*02:06/DPA1*02:07,DQA1*05:05/DQA1*05:09/DQA1*05:10/DQA1*05:11,DQB1*03:01/DQB1*03:27/DQB1*03:28/DQB1*03:29/DQB1*03:35/DQB1*03:36+DQB1*03:01/DQB1*03:24/DQB1*03:27/DQB1*03:28/DQB1*03:29/DQB1*03:35/DQB1*03:36
3829725,NA,"A*PYYC:=:02:01/02:01L/02:01Q/02:07/02:09/02:15N/02:18/02:20/02:24/02:29/02:30/02:31/02:33/02:34/02:35/02:42/02:43N/02:49/02:53N/02:59/02:62/02:66/02:67/02:68/02:74/02:75/02:76/02:77/02:82N/02:83N/02:89/02:93/02:94N/02:95/02:96/02:97/02:101/02:107/02:109/02:111/02:119/02:120/02:121/02:123/02:132/02:133/02:134/02:138/02:139/02:140/02:141/02:150/02:153/02:159/02:160/02:161/02:162/02:164/02:165/02:166/02:167/02:168/02:173/02:175/02:176/02:177/02:181/02:182/02:185/02:187/02:189/02:192/02:196/02:197/02:199/02:200/02:201/02:202/02:203/02:204/02:205/02:206/02:207/02:208/02:211/02:214/02:215/02:216/02:218/02:219/02:220/02:221/02:222N/02:225N/02:226N/02:227N/02:228/02:231/02:233/02:235/02:236/02:238/02:240/02:241/02:242/02:250N/02:251/02:252/02:256/02:257/02:262/02:265/02:266/02:269/02:270/02:272/02:273/02:274/02:275/02:276/02:277/02:282/02:283/02:284N/02:285/02:287/02:288/02:291/02:292/02:293Q/02:294/02:296/02:299/02:302/02:305N/02:306/02:307/02:312/02:313/02:316/02:317/02:318/02:319/02:321N/02:322/02:325/02:326/02:327/02:329/02:332/02:335/02:336
A*PZBW:=:30:01/30:11/30:14L/30:15/30:16/30:18/30:19/30:23/30:24/30:31/30:35/30:38/30:39/30:40/30:41/30:42/30:43/30:44/30:48/30:49/30:53/30:55/30:56/30:58+DR*TFE:=:01/03/06/08+C*RAFU:=:04/06/07/09/19/23/24/26/28/32/37/38/44/45/46/48/57/63/64/65/70/72/73/74/77/82/91/92/93/100/101/104/105/106/107/109/111/114/117/118/125/128/131/138
C*RAFW:=:04:01/04:04/04:05/04:07/04:08/04:09N/04:10/04:11/04:18/04:19/04:20/04:24/04:25/04:27/04:28/04:29/04:30/04:31/04:33/04:34/04:35/04:36/04:38/04:40/04:41/04:43/04:44/04:45/04:46/04:49/04:50/04:51/04:52/04:53/04:56/04:57/04:62/04:63/04:64/04:65/04:66/04:67/04:69/04:70/04:73/04:75/04:76/04:78/04:79/04:81/04:82/04:83/04:84/04:86/04:87/04:88N/04:91/04:92/04:95N/04:98/04:99/04:102/04:104/04:105N/04:106+DR*DZTN:=:01/16/26/33/38/72/76+DQA*MN:=:01/02/03
DQ*SFY:=:02/37+B*XX1:=:15:01/15:01N/15:33/15:34/15:60/15:71/15:78/15:79N/15:81/15:82/15:92/15:96/15:102/15:104/15:113/15:122/15:128/15:140/15:146/15:147/15:159/15:160/15:166/15:167/15:169/15:171/15:172/15:174/15:175/15:178/15:181N/15:182N/15:183/15:187/15:190N/15:192/15:201/15:203/15:205/15:206/15:211/15:217/15:227/15:228/15:231/15:232/15:234
B*PYTX:=:01/10/18/20/25/26/27+",3.7.0,3.7.0,3.7.0,3.7.0,3.7.0,3.31.0,3.31.0,3.7.0,3.7.0,A*02:01/A*02:01L/A*02:01Q/A*02:07/A*02:09/A*02:15N/A*02:18/A*02:20/A*02:24/A*02:29/A*02:30/A*02:31/A*02:33/A*02:34/A*02:35/A*02:42/A*02:43N/A*02:49/A*02:53N/A*02:59/A*02:62/A*02:66/A*02:67/A*02:68/A*02:74/A*02:75/A*02:76/A*02:77/A*02:82N/A*02:83N/A*02:89/A*02:93/A*02:94N/A*02:95/A*02:96/A*02:97/A*02:101/A*02:107/A*02:109/A*02:111/A*02:119/A*02:120/A*02:121/A*02:123/A*02:132/A*02:133/A*02:134/A*02:138/A*02:139/A*02:140/A*02:141/A*02:150/A*02:153/A*02:159/A*02:160/A*02:161/A*02:162/A*02:164/A*02:165/A*02:166/A*02:167/A*02:168/A*02:173/A*02:175/A*02:176/A*02:177/A*02:181/A*02:182/A*02:185/A*02:187/A*02:189/A*02:192/A*02:196/A*02:197/A*02:199/A*02:200/A*02:201/A*02:202/A*02:203/A*02:204/A*02:205/A*02:206/A*02:207/A*02:208/A*02:211/A*02:214/A*02:215/A*02:216/A*02:218/A*02:219/A*02:220/A*02:221/A*02:222N/A*02:225N/A*02:226N/A*02:227N/A*02:228/A*02:231/A*02:233/A*02:235/A*02:236/A*02:238/A*02:240/A*02:241/A*02:242/A*02:250N/A*02:251/A*02:252/A*02:256/A*02:257/A*02:262/A*02:265/A*02:266/A*02:269/A*02:270/A*02:272/A*02:273/A*02:274/A*02:275/A*02:276/A*02:277/A*02:282/A*02:283/A*02:284N/A*02:285/A*02:287/A*02:288/A*02:291/A*02:292/A*02:293Q/A*02:294/A*02:296/A*02:299/A*02:302/A*02:305N/A*02:306/A*02:307/A*02:312/A*02:313/A*02:316/A*02:317/A*02:318/A*02:319/A*02:321N/A*02:322/A*02:325/A*02:326/A*02:327/A*02:329/A*02:332/A*02:335/A*02:336+A*30:01/A*30:11/A*30:14L/A*30:15/A*30:16/A*30:18/A*30:19/A*30:23/A*30:24/A*30:31/A*30:35/A*30:38/A*30:39/A*30:40/A*30:41/A*30:42/A*30:43/A*30:44/A*30:48/A*30:49/A*30:53/A*30:55/A*30:56/A*30:58,B*15:01/B*15:01N/B*15:33/B*15:34/B*15:60/B*15:71/B*15:78/B*15:79N/B*15:81/B*15:82/B*15:92/B*15:96/B*15:102/B*15:104/B*15:113/B*15:122/B*15:128/B*15:140/B*15:146/B*15:147/B*15:159/B*15:160/B*15:166/B*15:167/B*15:169/B*15:171/B*15:172/B*15:174/B*15:175/B*15:178/B*15:181N/B*15:182N/B*15:183/B*15:187/B*15:190N/B*15:192/B*15:201/B*15:203/B*15:205/B*15:206/B*15:211/B*15:217/B*15:227/B*15:228/B*15:231/B*15:232/B*15:234+B*53:01/B*53:10/B*53:18/B*53:20/B*53:25/B*53:26/B*53:27,C*03:04/C*03:06/C*03:07/C*03:09/C*03:19/C*03:23/C*03:24/C*03:26/C*03:28/C*03:32/C*03:37/C*03:38/C*03:44/C*03:45/C*03:46/C*03:48/C*03:57/C*03:63/C*03:64/C*03:65/C*03:70/C*03:72/C*03:73/C*03:74/C*03:77/C*03:82/C*03:91/C*03:92/C*03:93/C*03:100/C*03:101/C*03:104/C*03:105/C*03:106/C*03:107/C*03:109/C*03:111/C*03:114/C*03:117/C*03:118/C*03:125/C*03:128/C*03:131/C*03:138+C*04:01/C*04:04/C*04:05/C*04:07/C*04:08/C*04:09N/C*04:10/C*04:11/C*04:18/C*04:19/C*04:20/C*04:24/C*04:25/C*04:27/C*04:28/C*04:29/C*04:30/C*04:31/C*04:33/C*04:34/C*04:35/C*04:36/C*04:38/C*04:40/C*04:41/C*04:43/C*04:44/C*04:45/C*04:46/C*04:49/C*04:50/C*04:51/C*04:52/C*04:53/C*04:56/C*04:57/C*04:62/C*04:63/C*04:64/C*04:65/C*04:66/C*04:67/C*04:69/C*04:70/C*04:73/C*04:75/C*04:76/C*04:78/C*04:79/C*04:81/C*04:82/C*04:83/C*04:84/C*04:86/C*04:87/C*04:88N/C*04:91/C*04:92/C*04:95N/C*04:98/C*04:99/C*04:102/C*04:104/C*04:105N/C*04:106,DRB4*01:01/DRB4*01:03/DRB4*01:06/DRB4*01:08/DRB4*01:01/DRB4*01:03/DRB4*01:06/DRB4*01:08,DRB1*04:01/DRB1*04:16/DRB1*04:26/DRB1*04:33/DRB1*04:38/DRB1*04:72/DRB1*04:76,DPB1*01:01/DPB1*162:01/DPB1*417:01+DPB1*04:01/DPB1*350:01/DPB1*670:01/DPB1*677:01,DPA1*01:03/DPA1*01:14+DPA1*02:02/DPA1*02:06/DPA1*02:07,DQA1*03:01/DQA1*03:02/DQA1*03:03,DQB1*03:02/DQB1*03:37
7565927,NA,,NA,NA,3.21.1,NA,NA,3.21.1,3.21.1,3.17.0,3.17.0,NA,NA,C*07:02/C*07:13/C*07:23/C*07:25/C*07:29/C*07:32N/C*07:38/C*07:39/C*07:42/C*07:46/C*07:47/C*07:48/C*07:50/C*07:51/C*07:54/C*07:56/C*07:61N/C*07:62/C*07:66/C*07:67/C*07:72/C*07:74/C*07:75/C*07:80/C*07:84/C*07:87/C*07:88/C*07:90/C*07:97/C*07:99/C*07:100/C*07:105/C*07:107/C*07:114/C*07:117/C*07:121Q/C*07:123/C*07:126/C*07:130/C*07:135/C*07:138/C*07:143/C*07:144/C*07:145/C*07:146/C*07:147/C*07:149/C*07:152N/C*07:154/C*07:155/C*07:158/C*07:159/C*07:160/C*07:167/C*07:168/C*07:169/C*07:172/C*07:174/C*07:175/C*07:178/C*07:183/C*07:185/C*07:187/C*07:192/C*07:193/C*07:195/C*07:198N/C*07:202/C*07:208/C*07:209/C*07:211/C*07:213/C*07:217/C*07:218/C*07:220/C*07:221/C*07:229/C*07:232/C*07:234/C*07:239/C*07:240/C*07:241/C*07:243/C*07:244/C*07:245/C*07:251/C*07:252/C*07:259/C*07:261/C*07:262/C*07:270/C*07:273/C*07:274/C*07:275/C*07:283/C*07:284/C*07:286/C*07:288/C*07:289/C*07:290/C*07:291/C*07:305/C*07:306/C*07:308/C*07:309/C*07:312/C*07:318/C*07:319/C*07:320/C*07:321/C*07:326/C*07:327/C*07:333/C*07:334/C*07:335/C*07:339/C*07:340/C*07:341/C*07:342/C*07:344/C*07:345/C*07:346/C*07:348/C*07:349/C*07:350N/C*07:352/C*07:359/C*07:360/C*07:363/C*07:368/C*07:372/C*07:374/C*07:375/C*07:376/C*07:379/C*07:381/C*07:382/C*07:383/C*07:384/C*07:389/C*07:390/C*07:391/C*07:392/C*07:398/C*07:399/C*07:400/C*07:401/C*07:409/C*07:413/C*07:414/C*07:415/C*07:416/C*07:423/C*07:425/C*07:429/C*07:433/C*07:434/C*07:436/C*07:438/C*07:446+C*16:04/C*16:33/C*16:35/C*16:40/C*16:42/C*16:61/C*16:66/C*16:78/C*16:82,NA,NA,DPB1*01:01/DPB1*04:01/DPB1*417:01/DPB1*440:01+DPB1*04:01/DPB1*417:01/DPB1*440:01/DPB1*459:01/DPB1*464:01,DPA1*01:03/DPA1*01:13,DQA1*01:02/DQA1*01:08/DQA1*01:09/DQA1*01:11+DQA1*05:05/DQA1*05:09/DQA1*05:11,DQB1*03:01/DQB1*03:27/DQB1*03:28/DQB1*03:29/DQB1*03:35/DQB1*03:42/DQB1*03:44/DQB1*03:47/DQB1*03:49/DQB1*03:50/DQB1*03:51/DQB1*03:73/DQB1*03:83/DQB1*03:84N/DQB1*03:92/DQB1*03:93/DQB1*03:94/DQB1*03:114/DQB1*03:115/DQB1*03:116+DQB1*06:02/DQB1*06:84/DQB1*06:107/DQB1*06:109/DQB1*06:111/DQB1*06:113/DQB1*06:114/DQB1*06:115/DQB1*06:116/DQB1*06:117/DQB1*06:127
5850468,NA,,3.23.0,3.23.0,3.23.0,3.23.0,3.21.0,3.23.0,3.23.0,NA,3.23.0,A*01:01/A*01:01L/A*01:01N/A*01:02/A*01:04N/A*01:06/A*01:09/A*01:11N/A*01:16N/A*01:18N/A*01:20/A*01:22N/A*01:24/A*01:25/A*01:29/A*01:30/A*01:32/A*01:33/A*01:35/A*01:36/A*01:37/A*01:38/A*01:39/A*01:40/A*01:42/A*01:44/A*01:45/A*01:47/A*01:50/A*01:52N/A*01:53N/A*01:54/A*01:56N/A*01:57N/A*01:58/A*01:59/A*01:62/A*01:65/A*01:66/A*01:67/A*01:69/A*01:70/A*01:74/A*01:75/A*01:76/A*01:77/A*01:78/A*01:79/A*01:80/A*01:81/A*01:82/A*01:83/A*01:84/A*01:85/A*01:86/A*01:87N/A*01:88/A*01:90/A*01:91/A*01:92/A*01:93/A*01:94/A*01:96/A*01:97/A*01:98/A*01:100/A*01:101/A*01:103/A*01:105/A*01:107/A*01:109/A*01:110/A*01:111/A*01:112/A*01:113/A*01:115/A*01:116/A*01:117/A*01:118/A*01:120/A*01:121/A*01:123N/A*01:124/A*01:125/A*01:129/A*01:130/A*01:131/A*01:132/A*01:135/A*01:137/A*01:138/A*01:139/A*01:140/A*01:141/A*01:142/A*01:144/A*01:146/A*01:148/A*01:150/A*01:151/A*01:152/A*01:153/A*01:154/A*01:155/A*01:156/A*01:157/A*01:158/A*01:160N/A*01:161/A*01:163/A*01:164/A*01:165/A*01:166/A*01:168/A*01:171/A*01:172/A*01:173/A*01:174/A*01:175/A*01:177/A*01:179N/A*01:180/A*01:181/A*01:182/A*01:183/A*01:184/A*01:185/A*01:186N/A*01:187/A*01:188/A*01:189/A*01:190/A*01:191/A*01:193/A*01:195/A*01:197/A*01:198/A*01:199+A*02:01/A*02:01L/A*02:01Q/A*02:06/A*02:07/A*02:09/A*02:15N/A*02:18/A*02:20/A*02:24/A*02:29/A*02:30/A*02:31/A*02:33/A*02:42/A*02:43N/A*02:45/A*02:49/A*02:53N/A*02:59/A*02:60/A*02:64/A*02:66/A*02:67/A*02:68/A*02:74/A*02:75/A*02:76/A*02:83N/A*02:88N/A*02:89/A*02:93/A*02:94N/A*02:95/A*02:96/A*02:97/A*02:105/A*02:107/A*02:109/A*02:111/A*02:114/A*02:119/A*02:120/A*02:121/A*02:123/A*02:132/A*02:133/A*02:134/A*02:138/A*02:139/A*02:140/A*02:141/A*02:147/A*02:150/A*02:151/A*02:156/A*02:160/A*02:161/A*02:162/A*02:164/A*02:165/A*02:168/A*02:173/A*02:175/A*02:176/A*02:177/A*02:181/A*02:182/A*02:187/A*02:188/A*02:189/A*02:192/A*02:193/A*02:196/A*02:197/A*02:199/A*02:200/A*02:201/A*02:203/A*02:204/A*02:205/A*02:206/A*02:207/A*02:208/A*02:211/A*02:214/A*02:215/A*02:216/A*02:218/A*02:219/A*02:220/A*02:221/A*02:222N/A*02:223N/A*02:225N/A*02:226N/A*02:227N/A*02:231/A*02:235/A*02:236/A*02:238/A*02:240/A*02:241/A*02:242/A*02:246/A*02:250N/A*02:251/A*02:252/A*02:254/A*02:256/A*02:257/A*02:262/A*02:265/A*02:266/A*02:269/A*02:270/A*02:272/A*02:273/A*02:274/A*02:275/A*02:276/A*02:277/A*02:279/A*02:282/A*02:284N/A*02:285/A*02:287/A*02:288/A*02:289/A*02:291/A*02:292/A*02:294/A*02:296/A*02:301N/A*02:302/A*02:305N/A*02:306/A*02:307/A*02:311/A*02:312/A*02:314N/A*02:316/A*02:317/A*02:318/A*02:319/A*02:321N/A*02:322/A*02:325/A*02:326/A*02:327/A*02:329/A*02:332/A*02:335/A*02:338/A*02:339/A*02:340/A*02:342/A*02:343/A*02:346/A*02:347/A*02:348/A*02:350N/A*02:351/A*02:352/A*02:356N/A*02:357/A*02:360/A*02:361/A*02:362/A*02:363/A*02:364/A*02:367/A*02:368/A*02:372/A*02:374/A*02:375/A*02:377/A*02:378/A*02:379/A*02:380/A*02:383/A*02:384/A*02:386/A*02:388/A*02:389/A*02:390/A*02:391/A*02:392/A*02:395N/A*02:396/A*02:397/A*02:403/A*02:406/A*02:407/A*02:411/A*02:414/A*02:416/A*02:418/A*02:422/A*02:423/A*02:424/A*02:425/A*02:426/A*02:429/A*02:430/A*02:434/A*02:435/A*02:441/A*02:442/A*02:445/A*02:446/A*02:448/A*02:449/A*02:450/A*02:452/A*02:455/A*02:456/A*02:458/A*02:459/A*02:460/A*02:461/A*02:462/A*02:464/A*02:467/A*02:469/A*02:478/A*02:481/A*02:482/A*02:483/A*02:486/A*02:488/A*02:491/A*02:498/A*02:501N/A*02:502/A*02:504/A*02:508/A*02:509/A*02:510/A*02:513/A*02:516N/A*02:519/A*02:520/A*02:521/A*02:522/A*02:524/A*02:525N/A*02:528/A*02:530/A*02:533/A*02:535/A*02:538/A*02:539/A*02:540N/A*02:542/A*02:547/A*02:548/A*02:549/A*02:551/A*02:552/A*02:553/A*02:554/A*02:555/A*02:556/A*02:559/A*02:561/A*02:562/A*02:564/A*02:565/A*02:566/A*02:567/A*02:569/A*02:570/A*02:573/A*02:574/A*02:575/A*02:578/A*02:585/A*02:586/A*02:587/A*02:588/A*02:594/A*02:596/A*02:597/A*02:598/A*02:600/A*02:604/A*02:605Q/A*02:606/A*02:607/A*02:608N/A*02:609/A*02:610,B*08:01/B*08:04/B*08:08N/B*08:10/B*08:13/B*08:15/B*08:18/B*08:19N/B*08:22/B*08:23/B*08:24/B*08:29/B*08:30N/B*08:34/B*08:36/B*08:39/B*08:44/B*08:45/B*08:46/B*08:47/B*08:48/B*08:58/B*08:59/B*08:61/B*08:63/B*08:64/B*08:68/B*08:71/B*08:72N/B*08:73/B*08:75/B*08:77/B*08:80/B*08:81/B*08:83/B*08:86N/B*08:90/B*08:91/B*08:92/B*08:93/B*08:95/B*08:96/B*08:98/B*08:99/B*08:100/B*08:105/B*08:106/B*08:109/B*08:110/B*08:112/B*08:114/B*08:118/B*08:119/B*08:120/B*08:122/B*08:127/B*08:130/B*08:131/B*08:136/B*08:137/B*08:140/B*08:142/B*08:143/B*08:144/B*08:145/B*08:147/B*08:149/B*08:150/B*08:152/B*08:153/B*08:157/B*08:158+B*18:01/B*18:03/B*18:04/B*18:05/B*18:06/B*18:07/B*18:11/B*18:17N/B*18:24/B*18:25/B*18:28/B*18:31/B*18:32/B*18:34/B*18:38/B*18:40/B*18:42/B*18:46/B*18:47/B*18:51/B*18:53/B*18:55/B*18:59/B*18:60/B*18:62/B*18:63/B*18:64/B*18:65/B*18:70/B*18:71/B*18:72/B*18:73/B*18:74N/B*18:75/B*18:76/B*18:78/B*18:79/B*18:80/B*18:81/B*18:82/B*18:84/B*18:85/B*18:86/B*18:88/B*18:89/B*18:92/B*18:93/B*18:94N/B*18:95/B*18:96/B*18:99/B*18:100/B*18:102/B*18:103/B*18:106/B*18:109/B*18:112/B*18:113/B*18:114/B*18:115/B*18:116/B*18:117/B*18:118/B*18:119/B*18:120,C*07:01/C*07:06/C*07:18/C*07:20/C*07:21/C*07:24/C*07:30/C*07:35/C*07:36/C*07:44/C*07:52/C*07:55N/C*07:57/C*07:58/C*07:59/C*07:65/C*07:69/C*07:70/C*07:71/C*07:73/C*07:77/C*07:78/C*07:81/C*07:82/C*07:83/C*07:85/C*07:86/C*07:89/C*07:91/C*07:93/C*07:94/C*07:95/C*07:98N/C*07:103/C*07:104N/C*07:106/C*07:109/C*07:110/C*07:111/C*07:112/C*07:113/C*07:115/C*07:116/C*07:118/C*07:119/C*07:120/C*07:122/C*07:124/C*07:128/C*07:129/C*07:131/C*07:132/C*07:134/C*07:150Q/C*07:153/C*07:156/C*07:162/C*07:163/C*07:164N/C*07:165/C*07:166/C*07:170/C*07:173/C*07:179/C*07:180/C*07:182/C*07:188/C*07:189/C*07:190/C*07:191N/C*07:197/C*07:200/C*07:201/C*07:203/C*07:204/C*07:205/C*07:206/C*07:214/C*07:215/C*07:219/C*07:222/C*07:223/C*07:224/C*07:225/C*07:227N/C*07:228/C*07:230/C*07:231/C*07:235Q/C*07:236/C*07:237/C*07:246/C*07:248/C*07:249/C*07:250/C*07:253/C*07:254/C*07:255/C*07:256/C*07:257/C*07:263/C*07:266/C*07:267/C*07:268/C*07:269/C*07:276/C*07:277/C*07:278/C*07:279/C*07:280/C*07:281/C*07:282/C*07:292/C*07:293/C*07:296/C*07:297/C*07:298/C*07:299/C*07:300/C*07:301/C*07:303/C*07:310/C*07:311/C*07:313/C*07:331/C*07:332/C*07:337/C*07:343/C*07:353/C*07:362/C*07:366/C*07:369/C*07:370/C*07:371/C*07:377/C*07:380/C*07:385/C*07:386/C*07:387/C*07:404/C*07:407/C*07:408/C*07:410/C*07:411/C*07:412/C*07:417/C*07:418/C*07:419/C*07:421/C*07:422/C*07:424/C*07:427/C*07:430/C*07:431/C*07:435/C*07:437N/C*07:440/C*07:441/C*07:442/C*07:443/C*07:444/C*07:445/C*07:448/C*07:450/C*07:453/C*07:454/C*07:455/C*07:458/C*07:460/C*07:461/C*07:462/C*07:463/C*07:468/C*07:469/C*07:470/C*07:471/C*07:475/C*07:476N/C*07:479/C*07:481/C*07:01/C*07:06/C*07:18/C*07:20/C*07:21/C*07:24/C*07:30/C*07:35/C*07:36/C*07:44/C*07:52/C*07:55N/C*07:57/C*07:58/C*07:59/C*07:65/C*07:69/C*07:70/C*07:71/C*07:73/C*07:77/C*07:78/C*07:81/C*07:82/C*07:83/C*07:85/C*07:86/C*07:89/C*07:91/C*07:93/C*07:94/C*07:95/C*07:98N/C*07:103/C*07:104N/C*07:106/C*07:109/C*07:110/C*07:111/C*07:112/C*07:113/C*07:115/C*07:116/C*07:118/C*07:119/C*07:120/C*07:122/C*07:124/C*07:128/C*07:129/C*07:131/C*07:132/C*07:134/C*07:150Q/C*07:153/C*07:156/C*07:162/C*07:163/C*07:164N/C*07:165/C*07:166/C*07:170/C*07:173/C*07:179/C*07:180/C*07:182/C*07:188/C*07:189/C*07:190/C*07:191N/C*07:197/C*07:200/C*07:201/C*07:203/C*07:204/C*07:205/C*07:206/C*07:214/C*07:215/C*07:219/C*07:222/C*07:223/C*07:224/C*07:225/C*07:227N/C*07:228/C*07:230/C*07:231/C*07:235Q/C*07:236/C*07:237/C*07:246/C*07:248/C*07:249/C*07:250/C*07:253/C*07:254/C*07:255/C*07:256/C*07:257/C*07:263/C*07:266/C*07:267/C*07:268/C*07:269/C*07:276/C*07:277/C*07:278/C*07:279/C*07:280/C*07:281/C*07:282/C*07:292/C*07:293/C*07:296/C*07:297/C*07:298/C*07:299/C*07:300/C*07:301/C*07:303/C*07:310/C*07:311/C*07:313/C*07:331/C*07:332/C*07:337/C*07:343/C*07:353/C*07:362/C*07:366/C*07:369/C*07:370/C*07:371/C*07:377/C*07:380/C*07:385/C*07:386/C*07:387/C*07:404/C*07:407/C*07:408/C*07:410/C*07:411/C*07:412/C*07:417/C*07:418/C*07:419/C*07:421/C*07:422/C*07:424/C*07:427/C*07:430/C*07:431/C*07:435/C*07:437N/C*07:440/C*07:441/C*07:442/C*07:443/C*07:444/C*07:445/C*07:448/C*07:450/C*07:453/C*07:454/C*07:455/C*07:458/C*07:460/C*07:461/C*07:462/C*07:463/C*07:468/C*07:469/C*07:470/C*07:471/C*07:475/C*07:476N/C*07:479/C*07:481,DRB3*01:01/DRB3*01:04/DRB3*01:16/DRB3*01:17/DRB3*01:18/DRB3*01:19/DRB3*01:01/DRB3*01:04/DRB3*01:16/DRB3*01:17/DRB3*01:18/DRB3*01:19,DRB1*03:01/DRB1*03:05/DRB1*03:06/DRB1*03:18/DRB1*03:19/DRB1*03:22/DRB1*03:28/DRB1*03:37/DRB1*03:45/DRB1*03:50/DRB1*03:51/DRB1*03:55/DRB1*03:56/DRB1*03:58/DRB1*03:59/DRB1*03:61/DRB1*03:62/DRB1*03:66/DRB1*03:68N/DRB1*03:72/DRB1*03:73/DRB1*03:80/DRB1*03:83/DRB1*03:93/DRB1*03:98/DRB1*03:100/DRB1*03:104/DRB1*03:109/DRB1*03:112/DRB1*03:114/DRB1*03:116/DRB1*03:117/DRB1*03:124/DRB1*03:127+DRB1*08:01/DRB1*08:06/DRB1*08:16/DRB1*08:17/DRB1*08:50/DRB1*08:54/DRB1*08:55/DRB1*08:70/DRB1*08:77/DRB1*08:78N/DRB1*08:79,DPB1*01:01/DPB1*417:01/DPB1*436:01/DPB1*481:01/DPB1*483:01+DPB1*03:01/DPB1*104:01/DPB1*439:01/DPB1*507:01N/DPB1*509:01,DPA1*01:03/DPA1*01:13,NA,DQB1*02:01/DQB1*02:04/DQB1*02:05/DQB1*02:07/DQB1*02:08/DQB1*02:09/DQB1*02:13/DQB1*02:14/DQB1*02:15/DQB1*02:16/DQB1*02:19/DQB1*02:20N/DQB1*02:21/DQB1*02:22/DQB1*02:23/DQB1*02:24/DQB1*02:25/DQB1*02:27/DQB1*02:28/DQB1*02:30/DQB1*02:31/DQB1*02:33/DQB1*02:34/DQB1*02:35/DQB1*02:36/DQB1*02:37/DQB1*02:38/DQB1*02:39/DQB1*02:40/DQB1*02:41/DQB1*02:42/DQB1*02:43/DQB1*02:44/DQB1*02:45/DQB1*02:46/DQB1*02:47/DQB1*02:49/DQB1*02:52/DQB1*02:53Q/DQB1*02:55/DQB1*02:56/DQB1*02:58N/DQB1*02:59/DQB1*02:60/DQB1*02:61/DQB1*02:63/DQB1*02:64+DQB1*04:02/DQB1*04:11/DQB1*04:13/DQB1*04:18/DQB1*04:19/DQB1*04:20/DQB1*04:21/DQB1*04:22/DQB1*04:23/DQB1*04:24/DQB1*04:25N/DQB1*04:26/DQB1*04:28/DQB1*04:29/DQB1*04:31/DQB1*04:32/DQB1*04:33
NA,ABCD168,"C*AEBXV:=:03:04/03:05/03:06/03:07/03:09/03:19/03:23/03:24/03:25/03:26/03:28/03:32/03:35/03:37/03:38/03:44/03:45/03:46/03:48/03:57/03:63/03:64/03:65/03:70/03:72/03:73/03:74/03:77/03:82/03:91/03:92/03:93/03:100/03:101/03:104/03:105/03:106/03:107/03:109/03:111/03:114/03:117/03:118/03:125/03:128/03:131/03:138/03:143/03:145/03:148/03:149/03:153/03:154/03:155/03:157/03:159/03:163/03:164/03:172/03:173/03:174/03:179/03:180/03:181/03:183/03:184/03:186/03:193/03:199/03:208N/03:210/03:211/03:212/03:213/03:218/03:219/03:232/03:233/03:235/03:236/03:238/03:245/03:250/03:252/03:255/03:256/03:257
C*AEBXY:=:04:01/04:04/04:05/04:08/04:09N/04:10/04:11/04:18/04:19/04:20/04:23/04:24/04:25/04:28/04:29/04:30/04:31/04:33/04:34/04:35/04:36/04:38/04:40/04:41/04:43/04:44/04:45/04:46/04:49/04:50/04:51/04:52/04:53/04:56/04:57/04:62/04:63/04:64/04:65/04:66/04:67/04:69/04:72/04:73/04:75/04:76/04:78/04:79/04:81/04:82/04:83/04:84/04:86/04:88N/04:91/04:92/04:95N/04:96/04:98/04:99/04:102/04:104/04:105N/04:106/04:108/04:109/04:110/04:116/04:117/04:118/04:119/04:122/04:123N/04:124/04:126/04:127/04:128/04:130/04:132/04:133/04:134/04:135/04:136/04:137/04:138/04:139/04:140/04:141/04:142/04:144/04:146/04:148/04:149/04:150/04:151/04:152/04:154/04:156/04:158/04:161/04:162/04:163/04:164/04:165/04:166/04:167/04:168/04:170N/04:172/04:173N/04:175/04:176+DQA*ARSW:=:02/08/09/11
DQA*CMM:=:05/09/11
DQ*AEBZX:=:03:01/03:27/03:28/03:29/03:35/03:42/03:44/03:47/03:49/03:50/03:51/03:73/03:83/03:84N/03:92/03:93/03:94/03:114/03:115/03:116
DQ*ZKVB:=:04/34/36/39/52/86+",NA,NA,3.17.0,NA,NA,3.23.0,3.23.0,3.17.0,3.17.0,NA,NA,C*03:04/C*03:05/C*03:06/C*03:07/C*03:09/C*03:19/C*03:23/C*03:24/C*03:25/C*03:26/C*03:28/C*03:32/C*03:35/C*03:37/C*03:38/C*03:44/C*03:45/C*03:46/C*03:48/C*03:57/C*03:63/C*03:64/C*03:65/C*03:70/C*03:72/C*03:73/C*03:74/C*03:77/C*03:82/C*03:91/C*03:92/C*03:93/C*03:100/C*03:101/C*03:104/C*03:105/C*03:106/C*03:107/C*03:109/C*03:111/C*03:114/C*03:117/C*03:118/C*03:125/C*03:128/C*03:131/C*03:138/C*03:143/C*03:145/C*03:148/C*03:149/C*03:153/C*03:154/C*03:155/C*03:157/C*03:159/C*03:163/C*03:164/C*03:172/C*03:173/C*03:174/C*03:179/C*03:180/C*03:181/C*03:183/C*03:184/C*03:186/C*03:193/C*03:199/C*03:208N/C*03:210/C*03:211/C*03:212/C*03:213/C*03:218/C*03:219/C*03:232/C*03:233/C*03:235/C*03:236/C*03:238/C*03:245/C*03:250/C*03:252/C*03:255/C*03:256/C*03:257+C*04:01/C*04:04/C*04:05/C*04:08/C*04:09N/C*04:10/C*04:11/C*04:18/C*04:19/C*04:20/C*04:23/C*04:24/C*04:25/C*04:28/C*04:29/C*04:30/C*04:31/C*04:33/C*04:34/C*04:35/C*04:36/C*04:38/C*04:40/C*04:41/C*04:43/C*04:44/C*04:45/C*04:46/C*04:49/C*04:50/C*04:51/C*04:52/C*04:53/C*04:56/C*04:57/C*04:62/C*04:63/C*04:64/C*04:65/C*04:66/C*04:67/C*04:69/C*04:72/C*04:73/C*04:75/C*04:76/C*04:78/C*04:79/C*04:81/C*04:82/C*04:83/C*04:84/C*04:86/C*04:88N/C*04:91/C*04:92/C*04:95N/C*04:96/C*04:98/C*04:99/C*04:102/C*04:104/C*04:105N/C*04:106/C*04:108/C*04:109/C*04:110/C*04:116/C*04:117/C*04:118/C*04:119/C*04:122/C*04:123N/C*04:124/C*04:126/C*04:127/C*04:128/C*04:130/C*04:132/C*04:133/C*04:134/C*04:135/C*04:136/C*04:137/C*04:138/C*04:139/C*04:140/C*04:141/C*04:142/C*04:144/C*04:146/C*04:148/C*04:149/C*04:150/C*04:151/C*04:152/C*04:154/C*04:156/C*04:158/C*04:161/C*04:162/C*04:163/C*04:164/C*04:165/C*04:166/C*04:167/C*04:168/C*04:170N/C*04:172/C*04:173N/C*04:175/C*04:176,NA,NA,DPB1*02:01/DPB1*124:01+DPB1*03:01/DPB1*104:01/DPB1*352:01/DPB1*414:01/DPB1*461:01,DPA1*01:03/DPA1*01:13,DQA1*01:02/DQA1*01:08/DQA1*01:09/DQA1*01:11+DQA1*05:05/DQA1*05:09/DQA1*05:11,DQB1*03:01/DQB1*03:27/DQB1*03:28/DQB1*03:29/DQB1*03:35/DQB1*03:42/DQB1*03:44/DQB1*03:47/DQB1*03:49/DQB1*03:50/DQB1*03:51/DQB1*03:73/DQB1*03:83/DQB1*03:84N/DQB1*03:92/DQB1*03:93/DQB1*03:94/DQB1*03:114/DQB1*03:115/DQB1*03:116+DQB1*06:04/DQB1*06:34/DQB1*06:36/DQB1*06:39/DQB1*06:52/DQB1*06:86
2649384,NA,"DQA*DVB:=:02/08/09
DQA*EF:=:05/09
DQ*AUX:=:01/24
DQ*WHG:=:02/47+A*XX1:=:02:01/02:60/02:64/02:88N/02:105/02:114/02:147/02:151/02:188/02:193/02:223N/02:246/02:254/02:279/02:289/02:301N/02:311/02:314N
A*RBAC:=:29:01/29:01N/29:02/29:04/29:06/29:08N/29:10/29:12/29:16/29:17/29:21/29:23/29:24/29:25/29:26/29:27/29:29+B*JXRA:=:44:02/44:03/44:13/44:26/44:35/44:36/44:38/44:39/44:73/44:85/44:89/44:92/44:94/44:98/44:103/44:108N/44:114/44:115/44:122/44:125
B*PZVG:=:01/10/18/20/23/25/26/27+C*RCEK:=:04:01/04:05/04:07/04:09N/04:12/04:18/04:19/04:20/04:24/04:25/04:27/04:28/04:30/04:31/04:35/04:38/04:39/04:40/04:41/04:43/04:44/04:45/04:46/04:47/04:49/04:50/04:51/04:52/04:53/04:56/04:57/04:59Q/04:62/04:63/04:64/04:65/04:66/04:67/04:69/04:70/04:73/04:75/04:76/04:78/04:79/04:81/04:82/04:83/04:84/04:85/04:86/04:87/04:88N/04:91/04:92/04:94/04:95N/04:97/04:98/04:99/04:102/04:104/04:105N/04:106
C*RCEN:=:06:02/06:06/06:10/06:12/06:13/06:14/06:15/06:16N/06:18/06:19/06:20/06:21/06:22/06:25/06:26/06:27/06:28/06:29/06:36/06:37/06:38/06:41/06:42/06:43/06:45/06:46N/06:49N/06:50/06:51/06:52/06:53/06:54/06:55/06:56/06:57/06:60/06:61/06:62/06:63/06:64/06:65/06:66/06:68/06:69+DR*DHJG:=:03/57+",3.7.0,3.7.0,3.7.0,NA,3.7.0,3.27.0,3.27.0,3.7.0,3.7.0,A*02:01/A*02:60/A*02:64/A*02:88N/A*02:105/A*02:114/A*02:147/A*02:151/A*02:188/A*02:193/A*02:223N/A*02:246/A*02:254/A*02:279/A*02:289/A*02:301N/A*02:311/A*02:314N+A*29:01/A*29:01N/A*29:02/A*29:04/A*29:06/A*29:08N/A*29:10/A*29:12/A*29:16/A*29:17/A*29:21/A*29:23/A*29:24/A*29:25/A*29:26/A*29:27/A*29:29,B*44:02/B*44:03/B*44:13/B*44:26/B*44:35/B*44:36/B*44:38/B*44:39/B*44:73/B*44:85/B*44:89/B*44:92/B*44:94/B*44:98/B*44:103/B*44:108N/B*44:114/B*44:115/B*44:122/B*44:125+B*53:01/B*53:10/B*53:18/B*53:20/B*53:23/B*53:25/B*53:26/B*53:27,C*04:01/C*04:05/C*04:07/C*04:09N/C*04:12/C*04:18/C*04:19/C*04:20/C*04:24/C*04:25/C*04:27/C*04:28/C*04:30/C*04:31/C*04:35/C*04:38/C*04:39/C*04:40/C*04:41/C*04:43/C*04:44/C*04:45/C*04:46/C*04:47/C*04:49/C*04:50/C*04:51/C*04:52/C*04:53/C*04:56/C*04:57/C*04:59Q/C*04:62/C*04:63/C*04:64/C*04:65/C*04:66/C*04:67/C*04:69/C*04:70/C*04:73/C*04:75/C*04:76/C*04:78/C*04:79/C*04:81/C*04:82/C*04:83/C*04:84/C*04:85/C*04:86/C*04:87/C*04:88N/C*04:91/C*04:92/C*04:94/C*04:95N/C*04:97/C*04:98/C*04:99/C*04:102/C*04:104/C*04:105N/C*04:106+C*06:02/C*06:06/C*06:10/C*06:12/C*06:13/C*06:14/C*06:15/C*06:16N/C*06:18/C*06:19/C*06:20/C*06:21/C*06:22/C*06:25/C*06:26/C*06:27/C*06:28/C*06:29/C*06:36/C*06:37/C*06:38/C*06:41/C*06:42/C*06:43/C*06:45/C*06:46N/C*06:49N/C*06:50/C*06:51/C*06:52/C*06:53/C*06:54/C*06:55/C*06:56/C*06:57/C*06:60/C*06:61/C*06:62/C*06:63/C*06:64/C*06:65/C*06:66/C*06:68/C*06:69,NA,DRB1*15:03/DRB1*15:57,DPB1*02:01/DPB1*155:01/DPB1*419:01/DPB1*423:01/DPB1*432:01/DPB1*433:01/DPB1*441:01/DPB1*444:01/DPB1*452:01/DPB1*457:01/DPB1*467:01/DPB1*469:01/DPB1*502:01/DPB1*510:01/DPB1*511:01/DPB1*513:01/DPB1*528:01/DPB1*537:01/DPB1*551:01N/DPB1*557:01/DPB1*602:01/DPB1*603:01/DPB1*617:01/DPB1*622:01/DPB1*628:01+DPB1*105:01/DPB1*420:01/DPB1*424:01/DPB1*429:01/DPB1*477:01/DPB1*488:01/DPB1*525:01/DPB1*549:01/DPB1*571:01/DPB1*586:01/DPB1*606:01/DPB1*627:01,DPA1*01:03/DPA1*01:12+DPA1*03:01/DPA1*03:02,DQA1*01:02/DQA1*01:08/DQA1*01:09+DQA1*05:05/DQA1*05:09,DQB1*03:01/DQB1*03:24+DQB1*06:02/DQB1*06:47
NA,ABCD254,,NA,NA,NA,NA,NA,NA,NA,NA,NA,NA,NA,NA,NA,NA,NA,NA,NA,NA
7998184,NA,,NA,NA,NA,NA,NA,NA,NA,NA,NA,NA,NA,NA,NA,NA,NA,NA,NA,NA
2384530,NA,,3.23.0,3.23.0,3.23.0,3.23.0,3.21.0,3.23.0,3.23.0,3.23.0,3.23.0,A*01:01/A*01:01L/A*01:01N/A*01:02/A*01:04N/A*01:06/A*01:09/A*01:11N/A*01:16N/A*01:18N/A*01:22N/A*01:24/A*01:25/A*01:28/A*01:29/A*01:31N/A*01:32/A*01:33/A*01:35/A*01:36/A*01:37/A*01:38/A*01:39/A*01:40/A*01:41/A*01:42/A*01:44/A*01:45/A*01:46/A*01:47/A*01:48/A*01:50/A*01:52N/A*01:53N/A*01:54/A*01:55/A*01:56N/A*01:57N/A*01:58/A*01:59/A*01:60/A*01:61/A*01:62/A*01:63/A*01:64/A*01:65/A*01:67/A*01:69/A*01:70/A*01:71/A*01:74/A*01:75/A*01:76/A*01:77/A*01:78/A*01:79/A*01:80/A*01:81/A*01:82/A*01:84/A*01:85/A*01:86/A*01:87N/A*01:88/A*01:89/A*01:90/A*01:91/A*01:92/A*01:93/A*01:94/A*01:96/A*01:97/A*01:98/A*01:100/A*01:101/A*01:103/A*01:105/A*01:106/A*01:107/A*01:109/A*01:110/A*01:111/A*01:112/A*01:113/A*01:114/A*01:115/A*01:116/A*01:117/A*01:118/A*01:120/A*01:121/A*01:122/A*01:123N/A*01:124/A*01:125/A*01:128/A*01:129/A*01:131/A*01:132/A*01:135/A*01:137/A*01:138/A*01:139/A*01:140/A*01:141/A*01:142/A*01:144/A*01:146/A*01:148/A*01:150/A*01:151/A*01:152/A*01:153/A*01:154/A*01:155/A*01:156/A*01:157/A*01:158/A*01:160N/A*01:161/A*01:163/A*01:164/A*01:165/A*01:166/A*01:168/A*01:169/A*01:171/A*01:172/A*01:173/A*01:174/A*01:175/A*01:176/A*01:177/A*01:179N/A*01:180/A*01:181/A*01:182/A*01:183/A*01:184/A*01:185/A*01:186N/A*01:187/A*01:188/A*01:189/A*01:190/A*01:191/A*01:193/A*01:195/A*01:197/A*01:198/A*01:199+A*03:01/A*03:01N/A*03:03N/A*03:04/A*03:11N/A*03:13/A*03:14/A*03:15/A*03:16/A*03:17/A*03:20/A*03:21N/A*03:22/A*03:25/A*03:26/A*03:27/A*03:28/A*03:33/A*03:35/A*03:37/A*03:38/A*03:39/A*03:44/A*03:45/A*03:46/A*03:47/A*03:48/A*03:49/A*03:51/A*03:52/A*03:53/A*03:55/A*03:56/A*03:57/A*03:58/A*03:59/A*03:60/A*03:61/A*03:62/A*03:63/A*03:66/A*03:67/A*03:68N/A*03:69N/A*03:71/A*03:72/A*03:75/A*03:77/A*03:78/A*03:80/A*03:81/A*03:83/A*03:84/A*03:85/A*03:86/A*03:87/A*03:91N/A*03:92/A*03:93/A*03:94/A*03:96/A*03:99/A*03:100/A*03:101/A*03:102/A*03:104/A*03:107/A*03:112/A*03:114/A*03:115/A*03:116/A*03:117/A*03:118/A*03:119/A*03:120/A*03:121/A*03:123/A*03:124/A*03:125/A*03:126/A*03:129N/A*03:130/A*03:131/A*03:132/A*03:134/A*03:136/A*03:137/A*03:138/A*03:140/A*03:141/A*03:143/A*03:144/A*03:145/A*03:146/A*03:147/A*03:148/A*03:149/A*03:150/A*03:151/A*03:154/A*03:155/A*03:156/A*03:158/A*03:159/A*03:161N/A*03:162N/A*03:163/A*03:165/A*03:166/A*03:168N/A*03:169/A*03:170/A*03:174/A*03:177/A*03:179/A*03:180/A*03:182/A*03:184/A*03:185/A*03:188/A*03:190/A*03:191/A*03:192N/A*03:193/A*03:195/A*03:196/A*03:197N/A*03:200Q/A*03:201/A*03:202/A*03:204/A*03:206/A*03:207/A*03:209/A*03:210/A*03:212/A*03:213/A*03:214/A*03:217/A*03:220/A*03:221/A*03:222/A*03:224/A*03:226/A*03:227/A*03:228/A*03:229/A*03:230/A*03:232/A*03:233/A*03:235/A*03:238/A*03:241,B*07:02/B*07:10/B*07:15/B*07:18/B*07:21/B*07:22/B*07:23/B*07:30/B*07:35/B*07:39/B*07:41/B*07:42/B*07:44/B*07:45/B*07:46/B*07:47/B*07:49N/B*07:52/B*07:57/B*07:58/B*07:59/B*07:61/B*07:62/B*07:63/B*07:67N/B*07:68/B*07:70/B*07:71/B*07:73/B*07:74/B*07:75/B*07:76/B*07:79/B*07:82/B*07:83/B*07:87/B*07:88/B*07:89/B*07:92/B*07:93/B*07:94/B*07:95/B*07:98/B*07:99/B*07:101/B*07:102/B*07:103/B*07:104/B*07:106/B*07:107/B*07:108/B*07:109/B*07:111N/B*07:113/B*07:114/B*07:116/B*07:117/B*07:119/B*07:120/B*07:121/B*07:122/B*07:125/B*07:126/B*07:127/B*07:128/B*07:129/B*07:130/B*07:132/B*07:133/B*07:135N/B*07:136/B*07:139/B*07:141/B*07:142/B*07:143/B*07:144/B*07:145/B*07:148/B*07:150/B*07:152/B*07:156/B*07:157/B*07:158/B*07:159/B*07:160/B*07:161N/B*07:165/B*07:166/B*07:167N/B*07:168/B*07:169/B*07:170/B*07:171/B*07:172/B*07:173/B*07:177/B*07:179/B*07:181N/B*07:184/B*07:185/B*07:186/B*07:187/B*07:188/B*07:189/B*07:190/B*07:191/B*07:192/B*07:194/B*07:195/B*07:196/B*07:198/B*07:199/B*07:200/B*07:203/B*07:205/B*07:208/B*07:211/B*07:212/B*07:215/B*07:216/B*07:217/B*07:221/B*07:224/B*07:230/B*07:231N/B*07:232/B*07:233/B*07:234/B*07:238/B*07:240/B*07:241/B*07:242/B*07:243/B*07:244/B*07:245/B*07:250/B*07:252/B*07:253/B*07:254/B*07:256/B*07:257/B*07:259/B*07:263/B*07:265+B*81:01/B*81:02/B*81:03/B*81:04N/B*81:05/B*81:07,C*07:02/C*07:23/C*07:32N/C*07:33N/C*07:38/C*07:46/C*07:48/C*07:50/C*07:54/C*07:56/C*07:61N/C*07:62/C*07:66/C*07:67/C*07:72/C*07:74/C*07:80/C*07:84/C*07:87/C*07:88/C*07:90/C*07:97/C*07:99/C*07:100/C*07:102/C*07:107/C*07:117/C*07:121Q/C*07:126/C*07:127/C*07:130/C*07:135/C*07:143/C*07:144/C*07:145/C*07:146/C*07:147/C*07:149/C*07:154/C*07:155/C*07:158/C*07:159/C*07:160/C*07:167/C*07:168/C*07:169/C*07:172/C*07:174/C*07:175/C*07:178/C*07:183/C*07:185/C*07:187/C*07:192/C*07:193/C*07:194/C*07:198N/C*07:202/C*07:208/C*07:209/C*07:211/C*07:213/C*07:217/C*07:218/C*07:220/C*07:221/C*07:229/C*07:232/C*07:234/C*07:239/C*07:240/C*07:243/C*07:245/C*07:251/C*07:252/C*07:259/C*07:261/C*07:262/C*07:270/C*07:271/C*07:273/C*07:274/C*07:275/C*07:284/C*07:286/C*07:288/C*07:291/C*07:306/C*07:308/C*07:309/C*07:316/C*07:318/C*07:319/C*07:320/C*07:321/C*07:322/C*07:325/C*07:326/C*07:327/C*07:333/C*07:334/C*07:339/C*07:340/C*07:341/C*07:344/C*07:345/C*07:346/C*07:348/C*07:349/C*07:350N/C*07:351/C*07:359/C*07:360/C*07:363/C*07:368/C*07:372/C*07:374/C*07:375/C*07:376/C*07:379/C*07:381/C*07:382/C*07:383/C*07:384/C*07:389/C*07:390/C*07:391/C*07:392/C*07:398/C*07:399/C*07:400/C*07:401/C*07:409/C*07:413/C*07:414/C*07:423/C*07:425/C*07:429/C*07:433/C*07:434/C*07:436/C*07:438/C*07:446/C*07:449/C*07:451N/C*07:452N/C*07:456/C*07:464/C*07:465/C*07:472/C*07:473/C*07:474/C*07:477/C*07:482/C*07:483N/C*07:485/C*07:486+C*18:01/C*18:02/C*18:04/C*18:06/C*18:10,DRB3*02:02/DRB3*02:28/DRB3*02:29N/DRB3*02:33+DRB4*01:01/DRB4*01:03/DRB4*01:06/DRB4*01:09/DRB4*01:10,DRB1*04:01/DRB1*04:16/DRB1*04:26/DRB1*04:33/DRB1*04:38/DRB1*04:72/DRB1*04:76/DRB1*04:111/DRB1*04:112/DRB1*04:119N/DRB1*04:123/DRB1*04:127/DRB1*04:130/DRB1*04:135/DRB1*04:139/DRB1*04:155/DRB1*04:159/DRB1*04:171/DRB1*04:175/DRB1*04:179/DRB1*04:190/DRB1*04:192/DRB1*04:196/DRB1*04:200+DRB1*13:01/DRB1*13:28/DRB1*13:59/DRB1*13:61/DRB1*13:69/DRB1*13:79/DRB1*13:92/DRB1*13:102/DRB1*13:105/DRB1*13:112/DRB1*13:113N/DRB1*13:117/DRB1*13:125/DRB1*13:127/DRB1*13:130/DRB1*13:131/DRB1*13:138/DRB1*13:141/DRB1*13:148/DRB1*13:153/DRB1*13:166/DRB1*13:173/DRB1*13:186/DRB1*13:187/DRB1*13:190/DRB1*13:200N/DRB1*13:201/DRB1*13:205/DRB1*13:213,DPB1*04:01/DPB1*459:01/DPB1*464:01/DPB1*534:01,DPA1*01:03/DPA1*01:13,DQA1*01:03/DQA1*01:10+DQA1*03:01/DQA1*03:02/DQA1*03:03,DQB1*03:02/DQB1*03:32/DQB1*03:45/DQB1*03:85/DQB1*03:190/DQB1*03:199+DQB1*06:09/DQB1*06:42/DQB1*06:88/DQB1*06:189
